contact_id,account_id,contact_name,email,title,created_date
cont_001,acct_004,Contact 001,contact001@example.com,Head of Sales,2026-06-29
cont_002,acct_007,Contact 002,contact002@example.com,RevOps Manager,2026-06-24
cont_003,acct_010,Contact 003,contact003@example.com,CEO,2026-06-19
cont_004,acct_013,Contact 004,contact004@example.com,Operations Manager,2026-06-14
cont_005,acct_016,Contact 005,contact005@example.com,CFO,2026-06-09
cont_006,acct_019,Contact 006,contact006@example.com,Head of Sales,2026-06-04
cont_007,acct_022,Contact 007,contact007@example.com,RevOps Manager,2026-05-30
cont_008,acct_025,Contact 008,contact008@example.com,CEO,2026-05-25
cont_009,,Contact 009,contact009@example.com,Operations Manager,2026-05-20
cont_010,acct_031,Contact 010,contact010@example.com,CFO,2026-05-15
cont_011,acct_034,Contact 011,contact011@example.com,Head of Sales,2026-05-10
cont_012,acct_037,Contact 012,contact012@example.com,RevOps Manager,2026-05-05
cont_013,acct_040,Contact 013,contact013@example.com,CEO,2026-04-30
cont_014,acct_043,Contact 014,contact014@example.com,Operations Manager,2026-04-25
cont_015,acct_001,Contact 015,contact015@example.com,CFO,2026-04-20
cont_016,acct_004,Contact 016,contact016@example.com,Head of Sales,2026-04-15
cont_017,acct_007,Contact 017,contact017@example.com,RevOps Manager,2026-04-10
cont_018,acct_010,Contact 018,contact018@example.com,CEO,2026-07-04
cont_019,acct_013,Contact 019,contact019@example.com,Operations Manager,2026-06-29
cont_020,acct_016,Contact 020,contact020@example.com,CFO,2026-06-24
cont_021,acct_019,Contact 021,contact021@example.com,Head of Sales,2026-06-19
cont_022,acct_022,Contact 022,contact022@example.com,RevOps Manager,2026-06-14
cont_023,acct_025,Contact 023,contact023@example.com,CEO,2026-06-09
cont_024,acct_028,Contact 024,contact024@example.com,Operations Manager,2026-06-04
cont_025,acct_031,Contact 025,contact025@example.com,CFO,2026-05-30
cont_026,acct_034,Contact 026,contact026@example.com,Head of Sales,2026-05-25
cont_027,acct_037,Contact 027,contact027@example.com,RevOps Manager,2026-05-20
cont_028,acct_040,Contact 028,contact028@example.com,CEO,2026-05-15
cont_029,acct_043,Contact 029,contact029@example.com,Operations Manager,2026-05-10
cont_030,acct_001,Contact 030,contact030@example.com,CFO,2026-05-05
cont_031,,Contact 031,contact031@example.com,Head of Sales,2026-04-30
cont_032,acct_007,Contact 032,contact032@example.com,RevOps Manager,2026-04-25
cont_033,acct_010,Contact 033,contact033@example.com,CEO,2026-04-20
cont_034,acct_013,Contact 034,contact034@example.com,Operations Manager,2026-04-15
cont_035,acct_016,Contact 035,contact035@example.com,CFO,2026-04-10
cont_036,acct_019,Contact 036,contact036@example.com,Head of Sales,2026-07-04
cont_037,acct_022,Contact 037,contact037@example.com,RevOps Manager,2026-06-29
cont_038,acct_025,Contact 038,contact038@example.com,CEO,2026-06-24
cont_039,acct_028,Contact 039,contact039@example.com,Operations Manager,2026-06-19
cont_040,acct_031,Contact 040,contact040@example.com,CFO,2026-06-14
cont_041,acct_034,Contact 041,contact041@example.com,Head of Sales,2026-06-09
cont_042,acct_037,Contact 042,contact042@example.com,RevOps Manager,2026-06-04
cont_043,acct_040,Contact 043,contact043@example.com,CEO,2026-05-30
cont_044,acct_043,Contact 044,contact044@example.com,Operations Manager,2026-05-25
cont_045,acct_001,Contact 045,contact045@example.com,CFO,2026-05-20
cont_046,acct_004,Contact 046,contact046@example.com,Head of Sales,2026-05-15
cont_047,acct_007,Contact 047,contact047@example.com,RevOps Manager,2026-05-10
cont_048,acct_010,Contact 048,contact048@example.com,CEO,2026-05-05
cont_049,acct_013,Contact 049,contact049@example.com,Operations Manager,2026-04-30
cont_050,acct_016,Contact 050,contact050@example.com,CFO,2026-04-25
cont_051,acct_019,Contact 051,contact051@example.com,Head of Sales,2026-04-20
cont_052,acct_022,Contact 052,contact052@example.com,RevOps Manager,2026-04-15
cont_053,acct_025,Contact 053,contact053@example.com,CEO,2026-04-10
cont_054,acct_028,Contact 054,contact054@example.com,Operations Manager,2026-07-04
cont_055,acct_031,Contact 055,contact055@example.com,CFO,2026-06-29
cont_056,acct_034,Contact 056,contact056@example.com,Head of Sales,2026-06-24
cont_057,acct_037,Contact 057,contact057@example.com,RevOps Manager,2026-06-19
cont_058,acct_040,Contact 058,contact058@example.com,CEO,2026-06-14
cont_059,acct_043,Contact 059,contact059@example.com,Operations Manager,2026-06-09
cont_060,acct_001,Contact 060,contact060@example.com,CFO,2026-06-04
cont_061,acct_004,Contact 061,contact061@example.com,Head of Sales,2026-05-30
cont_062,,Contact 062,contact062@example.com,RevOps Manager,2026-05-25
cont_063,acct_010,Contact 063,contact063@example.com,CEO,2026-05-20
cont_064,acct_013,Contact 064,contact064@example.com,Operations Manager,2026-05-15
cont_065,acct_016,Contact 065,contact065@example.com,CFO,2026-05-10
cont_066,acct_019,Contact 066,contact066@example.com,Head of Sales,2026-05-05
cont_067,acct_022,Contact 067,contact067@example.com,RevOps Manager,2026-04-30
cont_068,acct_025,Contact 068,contact068@example.com,CEO,2026-04-25
cont_069,acct_028,Contact 069,contact069@example.com,Operations Manager,2026-04-20
cont_070,acct_031,Contact 070,contact070@example.com,CFO,2026-04-15
cont_071,acct_034,Contact 071,contact071@example.com,Head of Sales,2026-04-10
cont_072,acct_037,Contact 072,contact072@example.com,RevOps Manager,2026-07-04
cont_073,acct_040,Contact 073,contact073@example.com,CEO,2026-06-29
cont_074,acct_043,Contact 074,contact074@example.com,Operations Manager,2026-06-24
cont_075,acct_001,Contact 075,contact075@example.com,CFO,2026-06-19
cont_076,acct_004,Contact 076,contact076@example.com,Head of Sales,2026-06-14
cont_077,,Contact 077,contact077@example.com,RevOps Manager,2026-06-09
cont_078,acct_010,Contact 078,contact078@example.com,CEO,2026-06-04
cont_079,acct_013,Contact 079,contact079@example.com,Operations Manager,2026-05-30
cont_080,acct_016,Contact 080,contact080@example.com,CFO,2026-05-25
cont_081,acct_019,Contact 081,contact081@example.com,Head of Sales,2026-05-20
cont_082,acct_022,Contact 082,contact082@example.com,RevOps Manager,2026-05-15
cont_083,acct_025,Contact 083,contact083@example.com,CEO,2026-05-10
cont_084,acct_028,Contact 084,contact084@example.com,Operations Manager,2026-05-05
cont_085,acct_031,Contact 085,contact085@example.com,CFO,2026-04-30
cont_086,acct_034,Contact 086,contact086@example.com,Head of Sales,2026-04-25
cont_087,acct_037,Contact 087,contact087@example.com,RevOps Manager,2026-04-20
cont_088,acct_040,Contact 088,contact088@example.com,CEO,2026-04-15
cont_089,acct_043,Contact 089,contact089@example.com,Operations Manager,2026-04-10
cont_090,acct_001,Contact 090,contact090@example.com,CFO,2026-07-04
